"name","records_id","msats_id","primer","left","left_sequence","left_tm","left_gc","left_self_end","left_self_any","left_hairpin","left_end_stability","left_penalty","right","right_sequence","right_tm","right_gc","right_self_end","right_self_any","right_hairpin","right_end_stability","right_penalty","pair_product_size","pair_compl_end","pair_compl_any","pair_penalty","duplicate"
"comp103744_c0_seq1","2749","9","0","12,21","TTCCGACAGAAAGTGGTATGG","58.432","47.619","0.0","0.0","0.0","2.74","2.567786","93,20","AACTGGCAGTAGTCACACCG","60.72","55.0","0.0","17.54","0.0","4.94","0.720133","101.0","0.0","0.0","3.287919","0"
"comp104946_c0_seq1","3650","14","0","1,22","TGACCTTGACCTTAATCAGTGC","59.091","45.455","0.0","0.0","0.0","4.4","2.90885","146,22","TCCTTCACTCTGATACGATGTG","58.12","45.455","0.0","0.0","0.0","3.21","3.880149","167.0","0.0","0.0","6.788998","0"
"comp105344_c0_seq1","3919","15","0","33,20","TGAGATGGTTGTGACACTGC","58.869","50.0","0.0","0.0","0.0","4.4","1.130896","262,20","CCATGCGGACCCTGTTATTG","59.726","55.0","0.0","0.0","0.0","1.9","0.273676","249.0","0.0","0.0","1.404571","0"
"comp107843_c0_seq1","6220","27","0","286,21","GTGAACTGCCACCCTATCAAC","59.671","52.381","0.0","0.0","0.0","3.18","1.328555","644,20","AGCAAACAGTGTAGACCCTG","58.207","50.0","0.0","0.0","0.0","4.45","1.792549","378.0","0.0","0.0","3.121104","0"
"comp107943_c0_seq1","6308","28","0","68,21","GGCAAGTTCACACAAGTCAAC","58.945","47.619","0.0","0.0","0.0","3.18","2.055218","388,21","GTACACTGCCCTCATAACTGG","58.851","52.381","0.0","0.0","0.0","4.0","2.148994","341.0","0.0","0.0","4.204213","0"
"comp109589_c0_seq1","7986","37","0","119,20","CAGGCATCGTCGTGTAATGG","59.805","55.0","0.0","0.0","0.0","3.16","0.194842","252,20","ATACGTGCGTTTGATTGCGG","60.636","50.0","0.0","0.0","0.0","5.69","0.635995","153.0","0.0","0.74","0.830837","0"
"comp110912_c0_seq1","9294","41","0","170,22","TGTGTTAAGTAGTGACCTGTCC","58.169","45.455","0.0","0.0","0.0","4.02","3.830689","572,20","CGTGTTGGATCAGGATGGTC","59.091","55.0","0.0","0.0","0.0","4.02","0.909394","422.0","0.0","0.0","4.740083","0"
"comp118356_c0_seq1","17908","94","0","36,21","AGTAAGGCAATGCAAACTCCC","59.595","47.619","0.0","2.43","0.0","4.3","1.404593","311,22","TCCAAACTATCACAAGCAGACG","59.43","45.455","0.0","0.0","0.0","4.18","2.569785","297.0","0.0","0.0","3.974379","0"
"comp118356_c0_seq2","17909","95","0","9,21","AGTAAGGCAATGCAAACACCC","60.146","47.619","0.0","3.59","0.0","4.61","1.146341","228,22","TCCAAACTATCACAAGCAGACG","59.43","45.455","0.0","0.0","0.0","4.18","2.569785","241.0","0.0","0.0","3.716126","0"
"comp118684_c0_seq1","18361","100","0","69,21","TGTGTCCACCAGAGCATAATG","58.773","47.619","0.0","0.0","0.0","1.9","2.22728","325,20","ACAGCTGATTCTTCTGGCAG","58.645","50.0","5.32","20.13","0.0","4.85","1.354552","276.0","0.0","0.0","3.581832","0"
"comp118684_c0_seq2","18362","101","0","150,21","GTAAACAAGAGCACTGCAAGC","59.084","47.619","0.0","0.0","0.0","4.01","1.916097","382,20","ACAGCTGATTCTTCTGGCAG","58.645","50.0","5.32","20.13","0.0","4.85","1.354552","252.0","0.0","0.0","3.270648","0"
"comp122426_c0_seq1","23723","152","0","100,20","AAATTCCCAAACGCCAGCAG","60.437","50.0","0.0","0.0","0.0","4.24","0.436642","478,22","CCCTGGAATAACAACGTCAAAG","58.333","45.455","0.0","0.0","0.0","2.77","3.667099","400.0","0.0","0.0","4.103741","0"
"comp122426_c0_seq2","23724","153","0","2,20","TAGAAATCATGGCAGCGGTC","58.798","50.0","0.0","0.0","0.0","4.79","1.201864","327,22","CCCTGGAATAACAACGTCAAAG","58.333","45.455","0.0","0.0","0.0","2.77","3.667099","347.0","0.0","0.0","4.868963","0"
"comp124414_c1_seq1","26929","190","0","1,20","CCTGTTGGCGTCGAATAACC","60.013","55.0","0.0","1.51","0.0","2.85","0.013113","288,20","GGACCATGCGCTCTACATTC","59.521","55.0","0.0","0.0","0.0","2.67","0.479319","307.0","0.0","0.0","0.492433","0"
"comp124499_c0_seq1","27057","191","0","258,20","TCGAACCTTCAGAACACTGC","58.88","50.0","0.0","0.0","0.0","4.4","1.120029","397,21","TCAGAATGGATTACGTGTGGG","58.5","47.619","0.0","0.0","0.0","4.61","2.499567","160.0","0.0","0.0","3.619595","0"
"comp125117_c0_seq2","28088","198","0","15,21","GCAGGATATGATCAGAGCCAC","59.058","52.381","2.86","13.53","22.98","5.01","1.941673","236,20","TATCCAGTGTCGATGCGTGG","60.646","55.0","0.0","0.0","0.0","4.94","0.645762","241.0","0.0","0.0","2.587434","0"
"comp127225_c2_seq1","32023","227","0","187,20","CCTTCCAACAATCTGCGGAC","59.941","55.0","0.0","0.0","0.0","4.79","0.059136","411,19","CAGAGAGCCACCTGACGTC","60.527","63.158","5.88","5.88","0.0","4.34","1.52652","243.0","0.0","0.0","1.585656","0"
"comp127332_c0_seq2","32226","230","0","432,22","ACAAGAACCTACATTGCATTGC","58.58","40.909","0.0","4.93","0.0","3.56","3.420133","560,20","CCTTGATTGCTGCTACCCAC","59.654","55.0","0.0","0.0","0.0","4.61","0.34586","148.0","0.0","0.0","3.765994","0"
"comp127555_c0_seq1","32677","236","0","3,20","CCATCTTGGCCCTCTTGTTG","59.578","55.0","0.0","0.0","0.0","3.33","0.421878","322,20","TCATTGCCGATTCACCTTGC","59.939","50.0","0.0","0.0","0.0","4.01","0.060528","339.0","0.0","0.0","0.482406","0"
"comp128513_c0_seq1","34541","249","0","739,22","ACCAAGTGACAGATAAACCGAC","59.099","45.455","0.0","0.0","0.0","4.79","2.900525","1124,22","ACTTCTATGACAGGACCTTGTG","58.225","45.455","0.0","0.0","0.0","3.33","3.774604","407.0","0.0","0.0","6.675129","0"
"comp128513_c0_seq3","34543","251","0","16,20","CATGGAGTGGTGGCTTTGTG","60.152","55.0","0.0","0.0","0.0","3.33","0.151997","444,22","ACTTCTATGACAGGACCTTGTG","58.225","45.455","0.0","0.0","0.0","3.33","3.774604","450.0","0.0","0.0","3.926601","0"
"comp128513_c0_seq5","34545","252","0","96,20","AAGCCCGTTGGATCATGGAG","60.873","55.0","0.0","0.0","0.0","3.86","0.873049","518,20","ACAGCCTTCAAACATGCACC","60.08","50.0","0.0","0.0","0.0","5.01","0.080417","442.0","0.0","0.0","0.953466","0"
"comp128904_c0_seq1","35430","259","0","354,20","CGAGAAGGCGCAATATCCAG","59.594","55.0","0.0","0.0","0.0","3.86","0.40554","633,20","CACAACTGGCTCCTGACTTG","59.515","55.0","0.0","0.0","0.0","3.16","0.484806","299.0","0.0","0.0","0.890346","0"
"comp129066_c0_seq1","35758","263","0","465,21","ACTCACTGCTGTCTTTCGAAG","59.001","47.619","0.0","0.0","0.0","3.79","1.999315","853,21","CGATCCATAACATTGCTGCCC","60.484","52.381","0.0","0.0","0.0","5.36","1.483617","409.0","0.0","0.0","3.482932","0"
"comp130067_c0_seq1","38028","281","0","440,20","GCTGAGTACCCATGATTGCG","59.802","55.0","0.0","0.0","0.0","4.85","0.198183","735,22","CATGGTGAGTTTGGGTAGGATG","59.485","50.0","0.0","0.0","0.0","3.51","2.514966","317.0","0.0","0.0","2.713148","0"
"comp130067_c0_seq4","38031","284","0","834,21","GCTTGGATAGGGTTACTGGTG","58.843","52.381","0.0","0.0","0.0","4.17","2.157221","1053,22","CATGGTGAGTTTGGGTAGGATG","59.485","50.0","0.0","0.0","0.0","3.51","2.514966","241.0","0.0","0.0","4.672186","0"
"comp130671_c0_seq1","39506","297","0","107,20","TCCTTCAATTGACTGGCTCC","58.267","50.0","0.0","13.29","0.0","4.7","1.73338","500,20","GCAGACTAGTACATCGTGGC","58.896","55.0","0.0","0.0","0.0","5.01","1.104465","413.0","0.0","0.0","2.837845","0"
"comp131079_c0_seq3","40429","306","0","68,22","TGCCCACATTTCTTGAGACATG","59.945","45.455","0.0","0.0","0.0","3.21","2.054918","256,20","CAGGTACCAGAGCACACAAC","59.234","55.0","0.0","12.88","0.0","3.32","0.766453","208.0","0.0","0.0","2.821371","0"
"comp132301_c4_seq1","43733","345","0","231,20","AGGTTGCCAATTGTCCACAC","59.72","50.0","0.0","1.74","0.0","3.82","0.279587","529,20","TCCTCCAGCTTGCTGTTAGG","60.151","55.0","19.6","19.6","0.0","2.69","0.151365","318.0","0.0","0.0","0.430952","0"
"comp132949_c0_seq1","45669","361","0","30,22","TGCAGCTCAACAATGCAATTTG","59.949","40.909","0.0","0.0","0.0","2.32","2.050642","458,20","GCCAGGTCGATGCACATTTG","60.92","55.0","0.0","0.0","0.0","2.32","0.919549","448.0","0.0","0.0","2.970191","0"
"comp133784_c2_seq1","48225","386","0","5,22","TCGCAGATGATCAAGACTTCTC","58.716","45.455","0.0","0.0","0.0","2.87","3.283665","318,20","AAACACATCTTCAGCCTGCC","59.507","50.0","0.0","0.0","0.0","4.85","0.493426","333.0","0.0","0.0","3.777091","0"
"comp134005_c0_seq1","48870","395","0","1028,20","ACGAGATGTGGGAGTTGAGG","59.864","55.0","0.0","0.0","0.0","3.86","0.136412","1153,20","AGAAAGTTGGTTGGTGGCAC","59.649","50.0","6.47","6.47","0.0","5.01","0.351335","145.0","0.0","0.0","0.487747","0"
"comp134005_c0_seq2","48871","396","0","566,20","GGATGATACTTGCGCCAGTG","59.802","55.0","0.0","0.0","0.0","3.66","0.198183","883,20","CGTCTTGAACACTGCCATCC","59.942","55.0","0.0","0.0","0.0","3.51","0.057608","337.0","4.7","2.5","0.255791","0"
"comp134005_c0_seq3","48872","397","0","517,22","ACCCAGACATAAACAAAGCTGC","60.207","45.455","0.0","0.0","0.0","5.25","2.207052","946,20","TTATACCCACGTGTCCTCCG","59.651","55.0","0.0","12.73","0.0","4.63","0.348926","449.0","0.0","0.0","2.555978","0"
"comp134005_c0_seq4","48873","398","0","441,20","TCTGAGAACGAACATGAGCG","58.755","50.0","6.76","6.76","0.0","5.03","1.245324","853,20","AGAAAGTTGGTTGGTGGCAC","59.649","50.0","6.47","6.47","0.0","5.01","0.351335","432.0","0.0","0.0","1.596659","0"
"comp134005_c0_seq5","48874","399","0","200,20","CGAAGCAGTGTCCGGTATTG","59.736","55.0","0.0","0.0","0.0","1.9","0.264245","466,20","AGAAAGTTGGTTGGTGGCAC","59.649","50.0","6.47","6.47","0.0","5.01","0.351335","286.0","0.0","0.0","0.61558","0"
"comp134005_c0_seq6","48875","400","0","302,20","TCGTGGAATTTGTGTTGGCC","60.081","50.0","0.0","0.0","0.0","5.36","0.080943","712,20","AGAAAGTTGGTTGGTGGCAC","59.649","50.0","6.47","6.47","0.0","5.01","0.351335","430.0","0.0","0.0","0.432278","0"
"comp134005_c0_seq7","48876","401","0","1028,20","ACGAGATGTGGGAGTTGAGG","59.864","55.0","0.0","0.0","0.0","3.86","0.136412","1324,20","CGTCTTGAACACTGCCATCC","59.942","55.0","0.0","0.0","0.0","3.51","0.057608","316.0","0.0","0.0","0.194021","0"
"comp134005_c0_seq8","48877","402","0","207,20","GTGTCCGGTATTGTGACTGC","59.663","55.0","0.0","0.0","0.0","4.4","0.336871","637,20","CGTCTTGAACACTGCCATCC","59.942","55.0","0.0","0.0","0.0","3.51","0.057608","450.0","0.0","0.0","0.394479","0"
"comp134495_c1_seq1","50547","427","0","548,21","TGAAGGCGTGGAATAGCTTTC","59.4","47.619","1.62","1.62","0.0","2.62","1.600454","809,20","TAAACAGTTGGTGCAGCGAC","59.801","50.0","21.33","21.33","0.0","5.19","0.198665","281.0","0.0","0.0","1.799119","0"
"comp134812_c0_seq2","51637","438","0","39,22","TCACTCCAAATCTGAGACAAGC","59.095","45.455","0.0","0.0","0.0","4.01","2.904991","241,20","GAGTGCAACATCCGACACTG","59.944","55.0","0.0","0.0","0.0","3.66","0.0561","222.0","0.0","0.0","2.961091","0"
"comp134947_c1_seq1","52045","442","0","206,21","TCTAGGACAAGATGGTGGTCG","59.665","52.381","0.0","0.0","0.0","4.79","1.334888","587,22","TGTCTATTGCAATAACGCCACC","60.077","45.455","2.99","15.66","0.0","4.61","2.077301","403.0","7.92","7.92","3.41219","0"
"comp136271_c0_seq1","57776","521","0","0,20","TAGAGGTGTCCAAAGGCGTC","60.152","55.0","0.0","0.0","0.0","5.19","0.151715","159,21","TTGCCCGAAACTATGTAGGTC","58.504","47.619","0.0","0.0","0.0","3.85","2.496456","180.0","0.0","0.0","2.648171","0"
"comp136428_c0_seq1","58499","526","0","318,20","ACAGTAATAGCGTTCGCCAG","58.818","50.0","0.0","0.0","0.0","4.85","1.181731","633,21","TGGGTATGTTCTCCTGTTGTG","58.349","47.619","0.0","0.0","0.0","3.33","2.650687","336.0","0.0","0.0","3.832418","0"
"comp136530_c0_seq1","58867","529","0","121,22","GGAAGACCTCAGAATGAATCCG","59.297","50.0","0.0","0.0","0.0","4.18","2.703005","226,20","ATCGGACCCACAACGTCTAG","59.938","55.0","0.0","0.0","0.0","2.43","0.061778","125.0","0.0","0.0","2.764783","0"
"comp136641_c0_seq1","59334","535","0","35,20","AATGTCATGGCAGAGACAGC","59.007","50.0","0.0","19.73","0.0","4.4","0.992642","287,20","TTGGTCTCGGTGCAATTCTG","59.228","50.0","0.0","0.0","0.0","3.02","0.771921","272.0","0.0","0.0","1.764563","0"
"comp136861_c0_seq2","60229","545","0","703,22","CTATTCAGAAGCAACAACACCG","58.674","45.455","0.0","0.0","0.0","4.94","3.326167","1091,20","AACCTCCTGACTGATGGCAC","60.441","55.0","0.0","0.0","0.0","5.01","0.440765","408.0","0.0","0.0","3.766932","0"
"comp136964_c0_seq1","60710","553","0","812,20","GGTCTGCTTCACTACCGTTC","59.03","55.0","0.0","0.0","0.0","3.95","0.970362","1215,20","AGTGAGTGTGTTGTCCTCCG","60.366","55.0","0.0","0.0","0.0","4.63","0.365532","423.0","0.0","0.0","1.335894","0"
"comp137005_c0_seq1","60908","554","0","18,20","CTGCGGTTACTCCTTCGTTG","59.666","55.0","0.0","0.0","0.0","4.1","0.333619","441,20","AATGGCCGTCTCTTCCCATG","60.873","55.0","0.0","0.0","0.0","3.66","0.873049","443.0","0.0","0.0","1.206668","0"
"comp137100_c0_seq1","61337","558","0","358,20","ATTCCTGAGCCTTGTCCCTC","59.859","55.0","0.0","0.0","0.0","4.3","0.141463","617,20","CGTAGAGATCAGCCCAGGTC","60.081","60.0","0.0","0.0","0.0","3.85","0.080943","279.0","0.0","0.0","0.222406","0"
"comp137184_c1_seq1","61683","562","0","202,20","GAGGGCATTTACCGGGTATG","58.863","55.0","4.32","4.32","0.0","2.39","1.136823","623,20","TGTAGCCACACATGCATTCG","59.659","50.0","0.0","0.0","0.0","3.34","0.340828","441.0","0.0","0.0","1.477651","0"
"comp137468_c2_seq1","63060","600","0","293,22","TGTGCAAATATTGTCAGCCATC","58.384","40.909","0.0","0.0","0.0","3.51","3.616438","706,21","GGGTCATGGCAATAACTCTCC","59.186","52.381","0.0","0.0","0.0","3.71","1.813977","434.0","0.0","0.0","5.430415","0"
"comp137547_c0_seq1","63376","603","0","1110,19","AGGACCTGGCATTGCAGTG","61.065","57.895","0.48","0.48","0.0","3.66","2.065495","1501,21","AGCACACGTTCTGTATTCTGC","59.678","47.619","0.0","0.0","0.0","4.26","1.322375","412.0","0.0","0.0","3.387869","0"
"comp137571_c0_seq1","63485","604","0","1753,20","GGGAGGACTTTGACAACACC","59.15","55.0","0.0","0.0","0.0","4.16","0.850037","2061,20","GGTCACTTTGGCTGTTTCCC","60.081","55.0","0.0","0.0","0.0","3.97","0.080615","328.0","0.0","0.0","0.930652","0"
"comp137621_c0_seq2","63721","609","0","807,21","CCCTCTTGTGAAACTGTTGGG","59.805","52.381","0.0","0.0","0.0","4.12","1.195232","1221,20","TTGCTCATGGACGGGATCTG","60.582","55.0","0.0","0.0","0.0","2.9","0.581998","434.0","0.0","0.0","1.77723","0"
"comp137624_c7_seq1","63758","610","0","310,20","CATGGGTGGGAAGAATCTGC","59.362","55.0","0.0","0.0","0.0","4.26","0.638018","563,20","GTGACACAGGAGCTAGCAAC","59.309","55.0","0.68","7.32","0.0","4.17","0.690975","273.0","0.0","0.0","1.328993","0"
"comp137913_c3_seq1","65079","619","0","240,21","TCACAACTGTAAAGGCATGGG","59.252","47.619","0.0","0.0","0.0","4.0","1.748451","652,20","CTTGCCATCAGATTCGTGGC","60.362","55.0","10.58","10.58","0.0","5.01","0.362432","432.0","5.05","6.78","2.110884","0"
"comp138074_c4_seq2","65863","641","0","18,19","CCTGCCTGGCCTAGTACAG","59.931","63.158","7.88","7.88","0.0","2.74","1.06906","403,20","GGGCGCTGTAAACGAGATTC","60.083","55.0","0.0","0.0","0.0","2.52","0.083371","405.0","0.0","0.0","1.152431","0"
"comp138098_c3_seq3","65989","644","0","100,20","TTTGTCTGCACCAACCCAAG","59.649","50.0","0.0","0.0","0.0","3.61","0.35099","200,20","ACCGACTGAGCTAATTGGGC","60.867","55.0","0.0","0.0","0.0","5.36","0.867275","120.0","0.0","0.0","1.218265","0"
"comp138147_c9_seq1","66259","645","0","102,22","CCCTCCCATTTCCTTCTTTGTG","59.944","50.0","0.0","0.0","0.0","3.33","2.056473","439,20","AACACTGGACCTGAGAACCG","60.367","55.0","0.0","0.77","0.0","4.44","0.366707","357.0","0.0","0.0","2.423181","0"
"comp138174_c0_seq3","66407","646","0","84,21","ACCAATAACAGTTCTGGGCTC","58.694","47.619","0.0","11.51","0.0","4.7","2.305777","398,21","AGTCAAGGTCATATTGCAGGG","58.482","47.619","0.0","0.0","0.0","4.45","2.518474","335.0","0.0","0.0","4.82425","0"
"comp138666_c0_seq1","68872","710","0","339,22","AGTCACAACAAGCACAATGAGG","60.142","45.455","0.0","0.0","0.0","3.86","2.141867","725,20","CCGCCGTTCTCATTTCTGTG","60.291","55.0","0.0","0.0","0.0","3.66","0.291449","406.0","3.14","0.0","2.433316","0"
"comp138831_c0_seq2","69657","713","0","16,20","ACCAGGGTCAAGATGCTGTG","60.73","55.0","0.0","0.0","0.0","3.66","0.72956","324,20","ATTTACCAAAGCCAGGCGTG","59.867","50.0","6.54","6.54","0.0","5.34","0.133335","328.0","0.0","0.0","0.862894","0"
"comp138862_c3_seq1","69857","722","0","15,18","CCCAACCTCGCTCTTCCC","60.48","66.667","0.0","0.0","0.0","3.97","2.47961","278,20","GCACTGTCATACCAACGCTC","60.014","55.0","0.0","0.0","0.0","5.03","0.013752","283.0","0.0","0.0","2.493361","0"
"comp139040_c3_seq1","70786","736","0","770,20","TTTGTAAATGGGTGCCTGCG","60.152","50.0","0.0","0.0","0.0","5.18","0.151957","1003,20","CCGTGTCCAAGTTTCACGAG","59.875","55.0","6.62","15.79","0.0","4.18","0.124832","253.0","0.0","0.0","0.27679","0"
"comp139071_c1_seq3","70942","739","0","173,22","GTGAGTACAAGTGCATGCATAC","58.48","45.455","0.0","0.0","0.0","2.39","3.519708","344,20","AGTACGGCCAGGAAGACTTC","59.864","55.0","2.8","2.8","0.0","3.01","0.135792","191.0","0.0","0.0","3.6555","0"
"comp139071_c1_seq6","70945","742","0","407,22","ACCATTCTCTCGGGTCCTAATC","59.809","50.0","0.0","0.0","0.0","1.75","2.190632","814,20","AGTACGGCCAGGAAGACTTC","59.864","55.0","2.8","2.8","0.0","3.01","0.135792","427.0","0.0","0.0","2.326424","0"
"comp139367_c3_seq1","72367","761","0","568,20","ACACTATGGACAGACGGACG","59.94","55.0","0.0","0.0","0.0","4.79","0.060217","705,20","TCTTGTCACTGTAGGCTGCC","60.438","55.0","8.34","8.34","0.0","4.85","0.43844","157.0","0.0","0.0","0.498657","0"
"comp139838_c2_seq4","74735","785","0","320,20","TGGCAAGAGTAGGTCACGAG","59.866","55.0","0.0","0.0","0.0","4.18","0.133538","655,20","AGTGAAGCAGTGGGTGATCC","60.441","55.0","0.0","0.0","0.0","3.36","0.440765","355.0","0.0","0.0","0.574304","0"
"comp139877_c0_seq1","74912","790","0","329,20","CATGCGCTCCACTTTCAGAG","60.013","55.0","0.0","7.66","0.0","3.35","0.013007","459,20","GCTAACTGAGGTGCCTTGTG","59.587","55.0","0.0","0.0","0.0","3.33","0.413028","150.0","0.0","0.89","0.426035","0"
"comp139878_c0_seq1","74915","791","0","812,20","CGTAGAAGTTGAGCGCGAAG","60.085","55.0","0.0","0.0","0.0","3.79","0.085208","1171,21","AGAAACAGCGAACAGTCAACG","60.148","47.619","0.0","0.0","0.0","4.1","1.147513","380.0","1.27","4.34","1.232721","0"
"comp139885_c0_seq1","74958","792","0","29,20","GCCGAAACTTGCGCATAATC","59.259","50.0","0.0","0.0","0.0","1.75","0.740601","393,20","TTTGACTGCTTGGTTGGGAC","59.361","50.0","0.0","0.0","0.0","4.46","0.639081","384.0","0.0","0.0","1.379681","0"
"comp139885_c1_seq1","74960","793","0","1707,22","TGGTTTGTGTCTCAGTCATACG","59.106","45.455","0.0","0.0","0.0","3.06","2.893579","1984,20","CAACGGCCACAGGTAATACG","59.734","55.0","0.0","0.07","0.0","3.06","0.26593","297.0","0.0","0.0","3.15951","0"
"comp140156_c0_seq2","76458","813","0","313,22","ACATTATTTACTCGGGCTAGCC","58.762","45.455","22.44","22.44","0.0","3.93","3.238206","397,22","ACATTATTTACTCGGGCTAGCC","58.762","45.455","22.44","22.44","0.0","3.93","3.238206","106.0","22.44","22.44","6.476412","0"
"comp140278_c0_seq1","77074","819","0","1246,20","GATCACTTGCTCATCGGTGC","60.083","55.0","0.0","0.0","0.0","5.01","0.082932","1356,21","CTGTTCTTCTCCGGGATTTGC","60.012","52.381","0.0","0.0","0.0","3.68","1.012002","131.0","0.0","0.0","1.094934","0"
"comp140427_c0_seq1","77857","827","0","70,21","AGCTCTTCCTTGTACAGCTCC","60.215","52.381","0.0","0.0","0.0","4.7","1.215044","429,22","TGATAAGCTTCGAACAACCTGC","60.013","45.455","0.0","0.0","0.0","4.85","2.013162","381.0","0.0","0.0","3.228207","0"
"comp140938_c2_seq1","80761","874","0","1371,20","TCGGAAGGTGCTGGTTCTAC","60.152","55.0","0.0","0.0","0.0","2.59","0.151715","1552,20","GTGTCTATGGTTTGCGCTCG","60.359","55.0","0.0","0.0","0.0","5.03","0.359437","201.0","0.0","0.0","0.511151","0"
"comp140946_c1_seq1","80819","877","0","51,21","GCAACACATTTCTGCTGATCG","59.222","47.619","0.0","0.0","0.0","3.69","1.777783","453,21","GCTGAAATTGGAGAGGAGTGG","59.396","52.381","0.0","0.0","0.0","4.0","1.604306","423.0","0.0","0.0","3.38209","0"
"comp141220_c1_seq1","82392","890","0","1345,21","GGGAATCCTGGAAACGATTGG","59.737","52.381","0.0","0.0","0.0","3.16","1.263481","1641,21","TGCTCTTACTGAATGCAACCC","59.325","47.619","0.0","0.0","0.0","4.11","1.675024","317.0","0.0","0.0","2.938505","0"
"comp141289_c0_seq4","82828","903","0","734,20","ATGTGGGCTGTCAATCAAGC","59.578","50.0","0.0","0.0","0.0","4.01","0.421878","1107,20","TGGGTCAGCTCACAACATCC","60.728","55.0","0.0","0.0","0.0","3.51","0.728142","393.0","1.1","14.8","1.150021","0"
"comp141614_c0_seq1","84615","929","0","1519,20","GGCTTCCAATGCTTCACCAC","60.506","55.0","0.0","0.0","0.0","4.16","0.506038","1723,20","GCACATAAGCCCTACGTACC","58.882","55.0","0.0","0.0","0.0","3.34","1.117546","224.0","2.2","0.86","1.623584","0"
"comp141742_c0_seq1","85407","939","0","2492,20","CATTTCACTGGTCCACGTGG","59.871","55.0","25.21","25.21","0.0","4.94","0.129322","2849,20","TCATGACCCTAGTGCGAGAC","59.652","55.0","0.0","0.0","0.0","3.36","0.348242","377.0","0.0","0.0","0.477564","0"
"comp142764_c1_seq2","91267","1009","0","1585,21","GTGGGTCTCTCTTGTTCTTGC","59.606","52.381","0.0","0.0","0.0","4.01","1.394215","1949,20","CAGGTAGTGTGACAAGCTGC","59.591","55.0","0.0","0.0","0.0","5.25","0.40926","384.0","0.0","0.0","1.803475","0"
"comp142767_c0_seq2","91276","1010","0","1566,21","TTGGGTGGTTTGACTGTACTC","58.562","47.619","0.0","0.0","0.0","2.59","2.438327","1761,20","AGTTTGCCAGGTATTTGCGG","59.867","50.0","0.0","0.0","0.0","5.69","0.133335","215.0","0.0","0.0","2.571662","0"
"comp142767_c0_seq5","91279","1011","0","1566,21","TTGGGTGGTTTGACTGTACTC","58.562","47.619","0.0","0.0","0.0","2.59","2.438327","1965,20","AAGGATGACGACAGTGGGTG","60.438","55.0","0.0","0.0","0.0","4.61","0.43844","419.0","0.0","0.0","2.876767","0"
"comp142934_c1_seq5","92332","1034","0","3,20","GCCTCCAGACACCCATGAAG","61.155","60.0","0.0","0.0","0.0","3.02","1.154954","198,20","GTAACCTCTTTCGTGCGGTG","59.945","55.0","0.0","0.0","0.0","4.94","0.055055","215.0","1.5","5.6","1.210009","0"
"comp142934_c1_seq7","92334","1035","0","57,20","AACCATCCATACTCCTCGGC","60.007","55.0","0.0","0.0","0.0","5.54","0.006685","306,20","GTAACCTCTTTCGTGCGGTG","59.945","55.0","0.0","0.0","0.0","4.94","0.055055","269.0","0.0","0.0","0.06174","0"
"comp142951_c1_seq2","92406","1039","0","296,20","GTCTGTACGAGGGCCTAGAC","59.727","60.0","7.1","9.71","0.0","2.59","0.273384","446,20","TGATGGTTGAACAGCTTGGC","59.795","50.0","0.0","0.0","0.0","4.52","0.205294","170.0","0.0","0.0","0.478678","0"
"comp142993_c0_seq1","92655","1041","0","2154,20","ACAGTTGCGTAGGTTGTCTG","58.88","50.0","0.0","0.0","0.0","3.51","1.120029","2505,22","TCTAAACAAGCTGTCAAGTTGC","58.201","40.909","0.0","0.0","0.0","4.17","3.799022","373.0","0.0","2.12","4.91905","0"
"comp143077_c1_seq4","93123","1050","0","546,22","TGTGCTCTCTGAAATGGATGTC","59.16","45.455","0.0","0.0","0.0","3.06","2.839777","896,20","ACTCCAGGTCTAGTCGGGAC","60.804","60.0","0.0","0.0","0.0","4.46","0.803981","370.0","0.0","0.0","3.643758","0"
"comp143290_c0_seq1","94489","1065","0","986,21","TCCCGTTTAATGCCTATACCG","58.369","47.619","0.0","0.0","0.0","4.02","2.631498","1372,20","AAGAGCTTCCTGGATGTCGG","60.224","55.0","0.0","4.96","0.0","4.79","0.223516","406.0","0.0","0.0","2.855014","0"
"comp143351_c1_seq1","94853","1069","0","933,20","ACATCAGCTTCCGACTCCTG","60.223","55.0","0.0","0.0","0.0","3.86","0.223257","1288,19","AAATTTGACTCCCAGGCGG","58.795","52.632","0.0","0.0","0.0","6.13","2.204991","374.0","0.0","0.0","2.428248","0"
"comp143497_c0_seq1","95734","1079","0","2284,20","ATGTTGGAACCGCACTGTAC","59.23","50.0","0.0","0.0","0.0","2.9","0.770091","2699,22","CCACACGGGCTTCAGATATTAC","59.625","50.0","0.0","0.0","0.0","1.89","2.375309","437.0","0.0","0.0","3.145401","0"
"comp143668_c2_seq1","96762","1095","0","593,20","GAAGAAGCTTTGCCGAGTCC","59.942","55.0","0.0","0.0","0.0","3.85","0.05776","822,22","CTGCCTGCCTGATAAACATAGG","59.619","50.0","0.0","0.0","0.0","2.57","2.380893","251.0","0.0","0.0","2.438653","0"
"comp143723_c0_seq1","97045","1096","0","779,20","TGCACATTGGAGGCTATCAC","58.715","50.0","0.0","0.0","0.0","3.06","1.285039","1188,20","CAGGGACAGGCAGGGTAAAG","60.801","60.0","0.0","0.0","0.0","1.85","0.800757","429.0","0.0","0.0","2.085796","0"
"comp143947_c1_seq3","98555","1107","0","301,21","TCCAGGTACAATTTGCTGCTG","59.599","47.619","0.0","0.0","0.0","4.41","1.400613","673,19","CTCTAAGACTCACGCACGC","59.078","57.895","0.0","0.0","0.0","5.34","1.922217","391.0","0.0","0.0","3.32283","0"
"comp144023_c0_seq3","99119","1121","0","769,20","AATATGGCTCGCTTCAACGC","60.083","50.0","0.0","0.0","0.0","4.84","0.082553","1075,20","TCCGAGCCATGTTGCCTATG","60.939","55.0","0.0","0.0","0.0","2.23","0.938506","326.0","16.54","23.05","1.021059","0"
"comp144161_c2_seq2","100032","1139","0","618,20","GAAAGCGACTTGGACGAGTG","59.946","55.0","0.0","0.0","0.0","3.51","0.054167","705,21","GCTCATCCATTCACGAGTCTG","59.545","52.381","0.0","0.0","0.0","3.51","1.455112","108.0","8.0","0.0","1.509279","0"
"comp144250_c1_seq1","100562","1145","0","349,22","TGTGGCATGATTATCTCCCTTC","58.682","45.455","0.0","0.0","0.0","3.46","3.317811","773,22","ACAGAGACCGACAGAATGAATC","58.643","45.455","0.0","0.0","0.0","2.52","3.357156","446.0","0.0","0.0","6.674967","0"
"comp144250_c1_seq2","100563","1146","0","75,22","CACATGTAACAGAGACCGACAG","59.502","50.0","0.0","0.0","0.0","3.51","2.497664","405,22","CACATGTAACAGAGACCGACAG","59.502","50.0","0.0","0.0","0.0","3.51","2.497664","352.0","0.0","0.0","4.995329","0"
"comp144436_c0_seq1","101729","1172","0","370,22","ACCATGCTGTGAAGTTGGAATC","59.945","45.455","0.0","1.07","0.0","2.52","2.055059","574,22","ACATTAAGACTGGTTCCCACAG","58.751","45.455","0.0","0.0","0.0","3.66","3.249218","226.0","1.7","1.7","5.304276","0"
"comp144436_c0_seq2","101730","1173","0","810,22","ACCATGCTGTGAAGTTGGAATC","59.945","45.455","0.0","1.07","0.0","2.52","2.055059","1014,20","ACTAAGACTGGTTCCCGCAG","60.152","55.0","0.0","0.0","0.0","5.18","0.151633","224.0","0.0","0.0","2.206692","0"
"comp148086_c0_seq1","106254","1201","0","28,22","GCCAATGAACTTTATACGGTGC","59.055","45.455","0.0","0.0","0.0","5.01","2.944944","184,20","AAAGCAGTTGTGAGCATGCC","60.436","50.0","0.0","3.42","0.0","4.4","0.435672","176.0","0.0","0.0","3.380616","0"
"comp155777_c0_seq1","113600","1220","0","46,19","CGCGGGTTCAAAGCACTAG","59.941","57.895","0.0","0.0","0.0","2.57","1.059493","167,22","ACGCTTTAACTCAACTAACCCG","59.691","45.455","0.0","0.0","0.0","5.28","2.308721","143.0","15.35","15.35","3.368214","0"
"comp25637_c0_seq1","120629","1236","0","3,20","GCAGCTGAGTGGTAGACAAG","59.025","55.0","0.0","17.14","0.0","3.16","0.975485","196,22","CACATCAGTTACTGCACACATG","58.671","45.455","3.73","3.73","0.0","3.21","3.328774","215.0","6.07","6.53","4.304259","0"
"comp27298_c0_seq1","121508","1239","0","34,22","GTGAGATCTGTTAGTGTGGTCC","58.907","50.0","0.0","0.0","0.0","4.46","3.092972","145,21","GGGAGCTCAAACACATACCTC","59.124","52.381","0.0","3.66","0.0","3.85","1.875814","132.0","1.38","0.04","4.968786","0"
"comp30605_c0_seq1","123248","1257","0","134,20","CAGGTGTGCAGAAATGGAGG","59.582","55.0","0.0","0.0","0.0","4.3","0.417998","397,20","CTCAACTGACGGCCGTAATG","59.736","55.0","11.05","14.76","0.0","1.9","0.264245","283.0","0.0","0.0","0.682243","0"
"comp36359_c0_seq1","125446","1269","0","89,20","AGTTTCCAATACCAGCTGCG","59.298","50.0","0.0","1.0","0.0","5.18","0.701609","271,22","TGCCATCTTGTTACTTTGGTTG","58.179","40.909","0.0","0.0","0.0","3.77","3.821201","204.0","0.0","0.0","4.52281","0"
"comp57625_c0_seq1","132924","1304","0","40,21","ACTTCAGCACATGTTAGAGGC","59.054","47.619","0.0","0.0","0.0","4.7","1.94582","344,20","CGATATGAACCCACCGTGTG","59.453","55.0","0.0","0.0","0.0","3.82","0.547043","324.0","0.0","0.0","2.492863","0"
"comp72827_c0_seq2","139196","1318","0","0,22","CCTGTCTGTTAATGCCGTACAC","60.078","50.0","0.0","0.0","0.0","2.9","2.078463","264,20","ACACAGTTGGGAAGCAGAGG","60.657","55.0","0.0","0.0","0.0","3.69","0.657189","284.0","0.0","0.0","2.735651","0"
"comp72827_c0_seq3","139197","1319","0","9,20","AGCCTTCAGTGATTGTTGCG","59.87","50.0","0.0","0.0","0.0","4.85","0.130117","313,20","ACACAGTTGGGAAGCAGAGG","60.657","55.0","0.0","0.0","0.0","3.69","0.657189","324.0","0.0","0.0","0.787305","0"
"comp91644_c0_seq1","148183","1343","0","687,20","TTTCATCTCTGCATACCGGG","58.137","50.0","0.0","4.15","0.0","5.73","1.862784","791,20","AAACGTCCCTTTCATGAGCG","59.588","50.0","0.0","0.0","0.0","5.03","0.411515","124.0","0.0","0.0","2.274299","0"
,,,,,,,,,,,,,,,,,,,,,,,,,,,
Potentially duplicated primers:,,,,,,,,,,,,,,,,,,,,,,,,,,,
"comp119006_c0_seq3","18795","105","0","274,20","ATATGTCACCGTCTCCGCAC","60.646","55.0","0.0","0.0","0.0","5.34","0.646055","383,19","ACACACACTCGCTGGAACG","61.328","57.895","0.0","0.0","0.0","3.95","2.327944","128.0","2.16","2.16","2.974","1"
"comp119006_c0_seq4","18796","106","0","841,20","ATATGTCACCGTCTCCGCAC","60.646","55.0","0.0","0.0","0.0","5.34","0.646055","950,19","ACACACACTCGCTGGAACG","61.328","57.895","0.0","0.0","0.0","3.95","2.327944","128.0","2.16","2.16","2.974","1"
"comp122861_c0_seq1","24382","157","0","203,22","GTCCCTTCACAATGAGAACACC","59.947","50.0","0.0","0.0","0.0","4.16","2.053244","631,20","CGGTTCATCGTTTCACATGC","58.844","50.0","0.0","0.0","0.0","4.06","1.155504","448.0","0.0","0.0","3.208748","1"
"comp122861_c0_seq2","24383","158","0","203,22","GTCCCTTCACAATGAGAACACC","59.947","50.0","0.0","0.0","0.0","4.16","2.053244","631,20","CGGTTCATCGTTTCACATGC","58.844","50.0","0.0","0.0","0.0","4.06","1.155504","448.0","0.0","0.0","3.208748","1"
"comp125117_c0_seq1","28087","197","0","200,22","TGATCAGAGCCACAAACACATG","59.946","45.455","0.0","0.0","0.0","3.21","2.053522","413,20","TATCCAGTGTCGATGCGTGG","60.646","55.0","0.0","0.0","0.0","4.94","0.645762","233.0","0.0","0.28","2.699283","1"
"comp125117_c0_seq3","28089","199","0","350,22","TGATCAGAGCCACAAACACATG","59.946","45.455","0.0","0.0","0.0","3.21","2.053522","563,20","TATCCAGTGTCGATGCGTGG","60.646","55.0","0.0","0.0","0.0","4.94","0.645762","233.0","0.0","0.28","2.699283","1"
"comp127344_c0_seq1","32246","231","0","51,22","CGTATTGTCCTTTATTGCGTGC","59.386","45.455","0.0","0.0","0.0","5.34","2.613916","360,20","GACACTGCAACGACAGACAG","59.876","55.0","0.0","2.18","0.0","3.51","0.123682","329.0","4.95","10.58","2.737598","1"
"comp127344_c0_seq2","32247","232","0","51,22","CGTATTGTCCTTTATTGCGTGC","59.386","45.455","0.0","0.0","0.0","5.34","2.613916","372,20","GACACTGCAACGACAGACAG","59.876","55.0","0.0","2.18","0.0","3.51","0.123682","341.0","4.95","10.58","2.737598","1"
"comp127344_c0_seq3","32248","233","0","51,22","CGTATTGTCCTTTATTGCGTGC","59.386","45.455","0.0","0.0","0.0","5.34","2.613916","348,20","GACACTGCAACGACAGACAG","59.876","55.0","0.0","2.18","0.0","3.51","0.123682","317.0","4.95","10.58","2.737598","1"
"comp128875_c0_seq1","35371","256","0","172,22","CGAGGTTCAGTTCATAATCCGG","59.628","50.0","0.0","0.0","0.0","5.14","2.372076","500,22","TGCCGTGATGCTCAACTTTAAG","60.271","45.455","0.0","0.0","0.0","1.85","2.271193","350.0","0.0","0.0","4.643269","1"
"comp128875_c0_seq2","35372","257","0","172,22","CGAGGTTCAGTTCATAATCCGG","59.628","50.0","0.0","0.0","0.0","5.14","2.372076","500,22","TGCCGTGATGCTCAACTTTAAG","60.271","45.455","0.0","0.0","0.0","1.85","2.271193","350.0","0.0","0.0","4.643269","1"
"comp129153_c0_seq1","35965","267","0","77,22","TGACGAATAGCCAAATACCCTG","58.961","45.455","0.0","0.0","0.0","4.45","3.038941","380,20","TACAGATTGGGCCTCACGAC","60.223","55.0","0.0","0.0","0.0","4.34","0.223309","323.0","0.0","0.0","3.262249","1"
"comp129153_c0_seq2","35966","268","0","77,22","TGACGAATAGCCAAATACCCTG","58.961","45.455","0.0","0.0","0.0","4.45","3.038941","367,20","TACAGATTGGGCCTCACGAC","60.223","55.0","0.0","0.0","0.0","4.34","0.223309","310.0","0.0","0.0","3.262249","1"
"comp130412_c0_seq1","38848","295","0","613,20","AGATGTGATTGTGCGCTCTC","59.095","50.0","0.0","0.0","0.0","3.2","0.905235","926,19","CATCCCGGCGATTGACTTC","59.424","57.895","0.0","0.0","0.0","3.01","1.576079","332.0","0.0","0.0","2.481313","1"
"comp130412_c0_seq2","38849","296","0","613,20","AGATGTGATTGTGCGCTCTC","59.095","50.0","0.0","0.0","0.0","3.2","0.905235","926,19","CATCCCGGCGATTGACTTC","59.424","57.895","0.0","0.0","0.0","3.01","1.576079","332.0","0.0","0.0","2.481313","1"
"comp131556_c0_seq2","41659","321","0","348,21","ACATGTGGAATCGGAATGGTG","59.393","47.619","0.0","0.0","0.0","4.17","1.606733","694,20","GTCTCCGTGGGTCAGATGAG","60.294","60.0","0.0","0.0","0.0","2.9","0.293865","366.0","0.0","5.22","1.900598","1"
"comp131556_c0_seq3","41660","322","0","521,21","ACATGTGGAATCGGAATGGTG","59.393","47.619","0.0","0.0","0.0","4.17","1.606733","867,20","GTCTCCGTGGGTCAGATGAG","60.294","60.0","0.0","0.0","0.0","2.9","0.293865","366.0","0.0","5.22","1.900598","1"
"comp131556_c0_seq5","41662","323","0","448,21","ACATGTGGAATCGGAATGGTG","59.393","47.619","0.0","0.0","0.0","4.17","1.606733","794,20","GTCTCCGTGGGTCAGATGAG","60.294","60.0","0.0","0.0","0.0","2.9","0.293865","366.0","0.0","5.22","1.900598","1"
"comp134018_c2_seq1","48910","404","0","105,22","ACCTCGTGTTATATGCCTGTTG","59.229","45.455","0.0","0.0","0.0","3.33","2.770604","314,22","GCACACAGAGCCCAAACAATAG","60.851","50.0","0.0","0.0","0.0","1.73","2.851005","231.0","0.97","0.0","5.621609","1"
"comp134018_c2_seq4","48913","405","0","513,22","ACCTCGTGTTATATGCCTGTTG","59.229","45.455","0.0","0.0","0.0","3.33","2.770604","722,22","GCACACAGAGCCCAAACAATAG","60.851","50.0","0.0","0.0","0.0","1.73","2.851005","231.0","0.97","0.0","5.621609","1"
"comp134312_c1_seq11","49936","418","0","161,21","AATACGGAAATGTGGAGGTCC","58.489","47.619","0.0","0.0","0.0","4.46","2.511071","559,20","GAGCCAGAATTTGAGCCCAC","59.939","55.0","0.0","0.0","0.0","4.61","0.061308","418.0","0.0","0.0","2.572379","1"
"comp134312_c1_seq3","49939","419","0","161,21","AATACGGAAATGTGGAGGTCC","58.489","47.619","0.0","0.0","0.0","4.46","2.511071","562,20","GAGCCAGAATTTGAGCCCAC","59.939","55.0","0.0","0.0","0.0","4.61","0.061308","421.0","0.0","0.0","2.572379","1"
"comp134312_c1_seq5","49941","420","0","161,21","AATACGGAAATGTGGAGGTCC","58.489","47.619","0.0","0.0","0.0","4.46","2.511071","562,20","GAGCCAGAATTTGAGCCCAC","59.939","55.0","0.0","0.0","0.0","4.61","0.061308","421.0","0.0","0.0","2.572379","1"
"comp134312_c1_seq6","49942","421","0","161,21","AATACGGAAATGTGGAGGTCC","58.489","47.619","0.0","0.0","0.0","4.46","2.511071","559,20","GAGCCAGAATTTGAGCCCAC","59.939","55.0","0.0","0.0","0.0","4.61","0.061308","418.0","0.0","0.0","2.572379","1"
"comp134434_c1_seq1","50349","423","0","1019,20","CCCGAATAGCCCTTGTGTTC","59.371","55.0","0.0","0.0","0.0","3.18","0.629095","1167,20","TGCATCCTCTAGCTGCTTCC","60.296","55.0","0.0","4.31","0.0","3.46","0.295512","168.0","0.0","0.0","0.924607","1"
"comp134434_c1_seq2","50350","424","0","1019,20","CCCGAATAGCCCTTGTGTTC","59.371","55.0","0.0","0.0","0.0","3.18","0.629095","1167,20","TGCATCCTCTAGCTGCTTCC","60.296","55.0","0.0","4.31","0.0","3.46","0.295512","168.0","0.0","0.0","0.924607","1"
"comp135685_c0_seq1","55133","471","0","120,19","ACATGCCTGCCTTGGGAAC","61.373","57.895","0.0","0.0","0.0","3.62","2.372546","522,20","GGCAGCATTTACATCAGGCC","60.365","55.0","0.0","0.0","0.0","5.19","0.364718","422.0","2.72","5.12","2.737264","1"
"comp135685_c0_seq3","55135","472","0","120,19","ACATGCCTGCCTTGGGAAC","61.373","57.895","0.0","0.0","0.0","3.62","2.372546","522,20","GGCAGCATTTACATCAGGCC","60.365","55.0","0.0","0.0","0.0","5.19","0.364718","422.0","2.72","5.12","2.737264","1"
"comp136259_c1_seq4","57725","519","0","146,20","CTGGTTAAACGTCGGGATGG","59.378","55.0","0.0","0.0","0.0","3.51","0.621891","363,20","AGTGCGGCAATATTGGTCAG","59.369","50.0","0.0","0.15","0.0","3.51","0.630655","237.0","0.0","0.0","1.252546","1"
"comp136259_c1_seq5","57726","520","0","147,20","CTGGTTAAACGTCGGGATGG","59.378","55.0","0.0","0.0","0.0","3.51","0.621891","364,20","AGTGCGGCAATATTGGTCAG","59.369","50.0","0.0","0.15","0.0","3.51","0.630655","237.0","0.0","0.0","1.252546","1"
"comp136569_c1_seq3","59025","531","0","596,20","CAGTGTGCAGCAACTCGTAG","59.945","55.0","0.0","0.22","0.0","3.51","0.05461","852,20","AGGTCAGTGTAACAGGTCCC","59.422","55.0","0.0","0.0","0.0","4.46","0.578204","276.0","0.0","0.0","0.632814","1"
"comp136569_c1_seq4","59026","532","0","596,20","CAGTGTGCAGCAACTCGTAG","59.945","55.0","0.0","0.22","0.0","3.51","0.05461","852,20","AGGTCAGTGTAACAGGTCCC","59.422","55.0","0.0","0.0","0.0","4.46","0.578204","276.0","0.0","0.0","0.632814","1"
"comp136738_c0_seq4","59731","539","0","192,20","AATTGGTATCAGCGTGAGGG","58.426","50.0","0.0","0.0","0.0","4.3","1.574262","618,20","ACAACTGCGGCTTGTTCTAC","59.518","50.0","0.0","7.5","0.0","2.59","0.48184","446.0","0.0","0.0","2.056102","1"
"comp136738_c0_seq8","59735","542","0","192,20","AATTGGTATCAGCGTGAGGG","58.426","50.0","0.0","0.0","0.0","4.3","1.574262","618,20","ACAACTGCGGCTTGTTCTAC","59.518","50.0","0.0","7.5","0.0","2.59","0.48184","446.0","0.0","0.0","2.056102","1"
"comp137231_c1_seq1","61899","564","0","373,22","TCCACTGGCAGTTGTTATGAAC","59.618","45.455","0.0","11.96","0.0","3.18","2.381557","664,20","TAAGCTGGCCTGTAGAGTGC","60.223","55.0","0.0","0.0","0.0","4.4","0.223412","311.0","0.0","0.0","2.604969","1"
"comp137231_c1_seq3","61901","565","0","124,22","TCCACTGGCAGTTGTTATGAAC","59.618","45.455","0.0","11.96","0.0","3.18","2.381557","415,20","TAAGCTGGCCTGTAGAGTGC","60.223","55.0","0.0","0.0","0.0","4.4","0.223412","311.0","0.0","0.0","2.604969","1"
"comp137250_c1_seq1","62002","566","0","425,20","ACCTTCCCAAGAATACCGGG","59.858","55.0","0.0","4.15","0.0","5.73","0.141891","730,20","TTGCTTCCCTCGTATCGGAG","60.009","55.0","0.0","0.0","0.0","4.63","0.009403","325.0","0.0","0.0","0.151294","1"
"comp137250_c1_seq2","62003","567","0","409,20","ACCTTCCCAAGAATACCGGG","59.858","55.0","0.0","4.15","0.0","5.73","0.141891","714,20","TTGCTTCCCTCGTATCGGAG","60.009","55.0","0.0","0.0","0.0","4.63","0.009403","325.0","0.0","0.0","0.151294","1"
"comp137327_c1_seq1","62288","569","0","256,21","TCAGGTTCAGTATCTTGGCCC","60.215","52.381","0.0","0.0","0.0","5.8","1.215342","410,20","ATCACTGGAGCCGATGATGG","60.368","55.0","0.0","0.0","0.0","3.51","0.367539","174.0","0.0","0.0","1.582881","1"
"comp137327_c1_seq2","62289","570","0","399,20","CCACCTGAATCAGCACTGTG","59.586","55.0","4.44","4.44","0.0","3.66","0.414168","820,20","ATCACTGGAGCCGATGATGG","60.368","55.0","0.0","0.0","0.0","3.51","0.367539","441.0","1.14","0.0","0.781707","1"
"comp137327_c1_seq3","62290","571","0","399,20","CCACCTGAATCAGCACTGTG","59.586","55.0","4.44","4.44","0.0","3.66","0.414168","820,20","ATCACTGGAGCCGATGATGG","60.368","55.0","0.0","0.0","0.0","3.51","0.367539","441.0","1.14","0.0","0.781707","1"
"comp137327_c1_seq4","62291","572","0","256,21","TCAGGTTCAGTATCTTGGCCC","60.215","52.381","0.0","0.0","0.0","5.8","1.215342","410,20","ATCACTGGAGCCGATGATGG","60.368","55.0","0.0","0.0","0.0","3.51","0.367539","174.0","0.0","0.0","1.582881","1"
"comp137444_c0_seq1","62886","575","0","676,20","TCAGCAAATCGGGACTGTTG","59.228","50.0","0.0","0.0","0.0","3.33","0.771921","951,20","CAAAGAACTTGTGGGCCAGC","60.718","55.0","0.0","0.32","0.0","4.85","0.717742","295.0","0.0","0.0","1.489662","1"
"comp137444_c0_seq10","62887","576","0","177,20","ACAGTTGTGAGTCTCCCACC","60.007","55.0","0.0","0.0","0.0","4.61","0.006685","577,21","GCTGCATCATTCAACATTGCC","59.813","47.619","0.0","0.0","0.0","4.52","1.186809","421.0","0.0","0.0","1.193494","1"
"comp137444_c0_seq11","62888","577","0","477,20","TCAGCAAATCGGGACTGTTG","59.228","50.0","0.0","0.0","0.0","3.33","0.771921","752,20","CAAAGAACTTGTGGGCCAGC","60.718","55.0","0.0","0.32","0.0","4.85","0.717742","295.0","0.0","0.0","1.489662","1"
"comp137444_c0_seq12","62889","578","0","683,20","TCAGCAAATCGGGACTGTTG","59.228","50.0","0.0","0.0","0.0","3.33","0.771921","947,20","CAAAGAACTTGTGGGCCAGC","60.718","55.0","0.0","0.32","0.0","4.85","0.717742","284.0","0.0","0.0","1.489662","1"
"comp137444_c0_seq14","62891","579","0","676,20","TCAGCAAATCGGGACTGTTG","59.228","50.0","0.0","0.0","0.0","3.33","0.771921","951,20","CAAAGAACTTGTGGGCCAGC","60.718","55.0","0.0","0.32","0.0","4.85","0.717742","295.0","0.0","0.0","1.489662","1"
"comp137444_c0_seq15","62892","580","0","683,20","TCAGCAAATCGGGACTGTTG","59.228","50.0","0.0","0.0","0.0","3.33","0.771921","948,20","CAAAGAACTTGTGGGCCAGC","60.718","55.0","0.0","0.32","0.0","4.85","0.717742","285.0","0.0","0.0","1.489662","1"
"comp137444_c0_seq16","62893","581","0","676,20","TCAGCAAATCGGGACTGTTG","59.228","50.0","0.0","0.0","0.0","3.33","0.771921","951,20","CAAAGAACTTGTGGGCCAGC","60.718","55.0","0.0","0.32","0.0","4.85","0.717742","295.0","0.0","0.0","1.489662","1"
"comp137444_c0_seq17","62894","582","0","683,20","TCAGCAAATCGGGACTGTTG","59.228","50.0","0.0","0.0","0.0","3.33","0.771921","958,20","CAAAGAACTTGTGGGCCAGC","60.718","55.0","0.0","0.32","0.0","4.85","0.717742","295.0","0.0","0.0","1.489662","1"
"comp137444_c0_seq18","62895","583","0","676,20","TCAGCAAATCGGGACTGTTG","59.228","50.0","0.0","0.0","0.0","3.33","0.771921","941,20","CAAAGAACTTGTGGGCCAGC","60.718","55.0","0.0","0.32","0.0","4.85","0.717742","285.0","0.0","0.0","1.489662","1"
"comp137444_c0_seq19","62896","584","0","676,20","TCAGCAAATCGGGACTGTTG","59.228","50.0","0.0","0.0","0.0","3.33","0.771921","941,20","CAAAGAACTTGTGGGCCAGC","60.718","55.0","0.0","0.32","0.0","4.85","0.717742","285.0","0.0","0.0","1.489662","1"
"comp137444_c0_seq2","62897","585","0","683,20","TCAGCAAATCGGGACTGTTG","59.228","50.0","0.0","0.0","0.0","3.33","0.771921","958,20","CAAAGAACTTGTGGGCCAGC","60.718","55.0","0.0","0.32","0.0","4.85","0.717742","295.0","0.0","0.0","1.489662","1"
"comp137444_c0_seq20","62898","586","0","383,20","ACAGTTGTGAGTCTCCCACC","60.007","55.0","0.0","0.0","0.0","4.61","0.006685","783,21","GCTGCATCATTCAACATTGCC","59.813","47.619","0.0","0.0","0.0","4.52","1.186809","421.0","0.0","0.0","1.193494","1"
"comp137444_c0_seq21","62899","587","0","477,20","TCAGCAAATCGGGACTGTTG","59.228","50.0","0.0","0.0","0.0","3.33","0.771921","752,20","CAAAGAACTTGTGGGCCAGC","60.718","55.0","0.0","0.32","0.0","4.85","0.717742","295.0","0.0","0.0","1.489662","1"
"comp137444_c0_seq22","62900","588","0","676,20","TCAGCAAATCGGGACTGTTG","59.228","50.0","0.0","0.0","0.0","3.33","0.771921","940,20","CAAAGAACTTGTGGGCCAGC","60.718","55.0","0.0","0.32","0.0","4.85","0.717742","284.0","0.0","0.0","1.489662","1"
"comp137444_c0_seq23","62901","589","0","477,20","TCAGCAAATCGGGACTGTTG","59.228","50.0","0.0","0.0","0.0","3.33","0.771921","742,20","CAAAGAACTTGTGGGCCAGC","60.718","55.0","0.0","0.32","0.0","4.85","0.717742","285.0","0.0","0.0","1.489662","1"
"comp137444_c0_seq3","62902","590","0","477,20","TCAGCAAATCGGGACTGTTG","59.228","50.0","0.0","0.0","0.0","3.33","0.771921","742,20","CAAAGAACTTGTGGGCCAGC","60.718","55.0","0.0","0.32","0.0","4.85","0.717742","285.0","0.0","0.0","1.489662","1"
"comp137444_c0_seq4","62903","591","0","683,20","TCAGCAAATCGGGACTGTTG","59.228","50.0","0.0","0.0","0.0","3.33","0.771921","948,20","CAAAGAACTTGTGGGCCAGC","60.718","55.0","0.0","0.32","0.0","4.85","0.717742","285.0","0.0","0.0","1.489662","1"
"comp137444_c0_seq6","62905","593","0","477,20","TCAGCAAATCGGGACTGTTG","59.228","50.0","0.0","0.0","0.0","3.33","0.771921","742,20","CAAAGAACTTGTGGGCCAGC","60.718","55.0","0.0","0.32","0.0","4.85","0.717742","285.0","0.0","0.0","1.489662","1"
"comp137444_c0_seq7","62906","594","0","477,20","TCAGCAAATCGGGACTGTTG","59.228","50.0","0.0","0.0","0.0","3.33","0.771921","752,20","CAAAGAACTTGTGGGCCAGC","60.718","55.0","0.0","0.32","0.0","4.85","0.717742","295.0","0.0","0.0","1.489662","1"
"comp137444_c0_seq8","62907","595","0","683,20","TCAGCAAATCGGGACTGTTG","59.228","50.0","0.0","0.0","0.0","3.33","0.771921","958,20","CAAAGAACTTGTGGGCCAGC","60.718","55.0","0.0","0.32","0.0","4.85","0.717742","295.0","0.0","0.0","1.489662","1"
"comp137444_c0_seq9","62908","596","0","376,20","ACAGTTGTGAGTCTCCCACC","60.007","55.0","0.0","0.0","0.0","4.61","0.006685","776,21","GCTGCATCATTCAACATTGCC","59.813","47.619","0.0","0.0","0.0","4.52","1.186809","421.0","0.0","0.0","1.193494","1"
"comp137982_c1_seq2","65407","628","0","255,20","GCCACTCACCGCTTAGTTTC","59.943","55.0","0.0","0.0","0.0","2.78","0.057154","573,20","ATGAAGAGACGATCGTGCCG","60.988","55.0","0.0","7.97","0.0","5.69","0.988436","338.0","0.16","0.0","1.045589","1"
"comp137982_c1_seq3","65408","629","0","221,20","GCCACTCACCGCTTAGTTTC","59.943","55.0","0.0","0.0","0.0","2.78","0.057154","539,20","ATGAAGAGACGATCGTGCCG","60.988","55.0","0.0","7.97","0.0","5.69","0.988436","338.0","0.16","0.0","1.045589","1"
"comp138089_c1_seq1","65940","642","0","333,22","GTGCCATTCCTTCCATTGTTTC","59.169","45.455","0.0","0.0","0.0","2.78","2.831411","706,20","GAGACCTCTGACTGGATCCG","59.725","60.0","0.0","1.52","0.0","4.18","0.275433","393.0","0.0","0.0","3.106845","1"
"comp138089_c1_seq3","65942","643","0","333,22","GTGCCATTCCTTCCATTGTTTC","59.169","45.455","0.0","0.0","0.0","2.78","2.831411","718,20","GAGACCTCTGACTGGATCCG","59.725","60.0","0.0","1.52","0.0","4.18","0.275433","405.0","0.0","0.0","3.106845","1"
"comp138174_c0_seq5","66409","647","0","944,21","GTGACCTATGCCGAAATCTGG","59.539","52.381","0.0","0.0","0.0","3.86","1.461325","1306,21","AGTCAAGGTCATATTGCAGGG","58.482","47.619","0.0","0.0","0.0","4.45","2.518474","383.0","0.0","0.0","3.979799","1"
"comp138174_c0_seq6","66410","648","0","828,21","GTGACCTATGCCGAAATCTGG","59.539","52.381","0.0","0.0","0.0","3.86","1.461325","1190,21","AGTCAAGGTCATATTGCAGGG","58.482","47.619","0.0","0.0","0.0","4.45","2.518474","383.0","0.0","0.0","3.979799","1"
"comp138984_c1_seq14","70440","725","0","833,20","ACCTGACGAGACATGTGAGG","59.866","55.0","0.0","0.0","0.0","3.86","0.134354","1023,20","CTCACATGTGCGAGTCGTTC","60.016","55.0","0.09","8.2","0.0","3.95","0.015846","210.0","15.7","17.15","0.1502","1"
"comp138984_c1_seq16","70442","726","0","303,20","ACCTGACGAGACATGTGAGG","59.866","55.0","0.0","0.0","0.0","3.86","0.134354","493,20","CTCACATGTGCGAGTCGTTC","60.016","55.0","0.09","8.2","0.0","3.95","0.015846","210.0","15.7","17.15","0.1502","1"
"comp138984_c1_seq3","70444","727","0","833,20","ACCTGACGAGACATGTGAGG","59.866","55.0","0.0","0.0","0.0","3.86","0.134354","1023,20","CTCACATGTGCGAGTCGTTC","60.016","55.0","0.09","8.2","0.0","3.95","0.015846","210.0","15.7","17.15","0.1502","1"
"comp138984_c1_seq4","70445","728","0","303,20","ACCTGACGAGACATGTGAGG","59.866","55.0","0.0","0.0","0.0","3.86","0.134354","493,20","CTCACATGTGCGAGTCGTTC","60.016","55.0","0.09","8.2","0.0","3.95","0.015846","210.0","15.7","17.15","0.1502","1"
"comp138984_c1_seq6","70447","729","0","833,20","ACCTGACGAGACATGTGAGG","59.866","55.0","0.0","0.0","0.0","3.86","0.134354","1023,20","CTCACATGTGCGAGTCGTTC","60.016","55.0","0.09","8.2","0.0","3.95","0.015846","210.0","15.7","17.15","0.1502","1"
"comp138984_c1_seq8","70449","730","0","303,20","ACCTGACGAGACATGTGAGG","59.866","55.0","0.0","0.0","0.0","3.86","0.134354","493,20","CTCACATGTGCGAGTCGTTC","60.016","55.0","0.09","8.2","0.0","3.95","0.015846","210.0","15.7","17.15","0.1502","1"
"comp139071_c1_seq4","70943","740","0","519,21","AGTTGCCACTCGTAGTCCTAC","59.942","52.381","0.0","0.0","0.0","3.18","1.057908","749,20","AGTACGGCCAGGAAGACTTC","59.864","55.0","2.8","2.8","0.0","3.01","0.135792","250.0","0.0","0.0","1.1937","1"
"comp139071_c1_seq5","70944","741","0","507,21","AGTTGCCACTCGTAGTCCTAC","59.942","52.381","0.0","0.0","0.0","3.18","1.057908","737,20","AGTACGGCCAGGAAGACTTC","59.864","55.0","2.8","2.8","0.0","3.01","0.135792","250.0","0.0","0.0","1.1937","1"
"comp139507_c1_seq1","73104","765","0","1969,20","AAACCTGCTCCAGTGCCATC","61.376","55.0","0.0","0.0","0.0","3.51","1.376095","2380,20","AGTTCTTGTTGGCGCCATAC","59.585","50.0","21.45","24.33","0.0","2.39","0.415312","431.0","0.0","0.0","1.791407","1"
"comp139507_c1_seq2","73105","766","0","1961,20","AAACCTGCTCCAGTGCCATC","61.376","55.0","0.0","0.0","0.0","3.51","1.376095","2372,20","AGTTCTTGTTGGCGCCATAC","59.585","50.0","21.45","24.33","0.0","2.39","0.415312","431.0","0.0","0.0","1.791407","1"
"comp139507_c1_seq3","73106","767","0","1927,20","AAACCTGCTCCAGTGCCATC","61.376","55.0","0.0","0.0","0.0","3.51","1.376095","2338,20","AGTTCTTGTTGGCGCCATAC","59.585","50.0","21.45","24.33","0.0","2.39","0.415312","431.0","0.0","0.0","1.791407","1"
"comp139507_c1_seq4","73107","768","0","2002,20","AAACCTGCTCCAGTGCCATC","61.376","55.0","0.0","0.0","0.0","3.51","1.376095","2413,20","AGTTCTTGTTGGCGCCATAC","59.585","50.0","21.45","24.33","0.0","2.39","0.415312","431.0","0.0","0.0","1.791407","1"
"comp139838_c2_seq3","74734","784","0","320,20","TGGCAAGAGTAGGTCACGAG","59.866","55.0","0.0","0.0","0.0","4.18","0.133538","510,20","GCAACAGACTTCGGTGATGC","60.569","55.0","0.0","0.0","0.0","3.91","0.56881","210.0","0.0","0.0","0.702348","1"
"comp139899_c0_seq2","75026","794","0","843,20","GTGCACTCAGATGGCGATAC","59.525","55.0","0.0","7.1","0.0","2.24","0.47516","1236,20","GTACAGCAGACGAGAACAGC","59.391","55.0","0.0","0.0","0.0","4.4","0.609339","413.0","0.0","0.0","1.084499","1"
"comp139899_c0_seq3","75027","795","0","844,20","GTGCACTCAGATGGCGATAC","59.525","55.0","0.0","7.1","0.0","2.24","0.47516","1237,20","GTACAGCAGACGAGAACAGC","59.391","55.0","0.0","0.0","0.0","4.4","0.609339","413.0","0.0","0.0","1.084499","1"
"comp140867_c0_seq1","80286","871","0","232,22","CACATGCTATCTGATGCTTTGC","59.118","45.455","2.17","7.76","0.0","3.68","2.88179","423,20","AGTTGAGGTAGAAGCGGGTG","60.152","55.0","0.0","0.0","0.0","4.61","0.151633","211.0","0.0","0.0","3.033423","1"
"comp140867_c0_seq2","80287","872","0","232,22","CACATGCTATCTGATGCTTTGC","59.118","45.455","2.17","7.76","0.0","3.68","2.88179","423,20","AGTTGAGGTAGAAGCGGGTG","60.152","55.0","0.0","0.0","0.0","4.61","0.151633","211.0","0.0","0.0","3.033423","1"
"comp141257_c1_seq2","82621","895","0","131,21","TGTCAGGTTCATTGTTTGGCC","60.078","47.619","0.0","0.0","0.0","5.36","1.077848","520,22","ACAGACCTTAGCCCAGAAATAG","58.012","45.455","0.0","0.0","0.0","1.73","3.988289","411.0","0.0","0.0","5.066138","1"
"comp141257_c1_seq3","82622","896","0","131,21","TGTCAGGTTCATTGTTTGGCC","60.078","47.619","0.0","0.0","0.0","5.36","1.077848","494,22","ACAGACCTTAGCCCAGAAATAG","58.012","45.455","0.0","0.0","0.0","1.73","3.988289","385.0","0.0","0.0","5.066138","1"
"comp141277_c0_seq1","82745","898","0","205,20","CAGAAGCTGTGGACCATGTG","59.586","55.0","0.0","0.0","0.0","3.21","0.414168","532,21","CCGGAGACCAGGTTAACAAAC","59.605","52.381","0.0","0.0","0.0","2.93","1.394919","348.0","0.0","0.0","1.809087","1"
"comp141277_c0_seq2","82746","899","0","205,20","CAGAAGCTGTGGACCATGTG","59.586","55.0","0.0","0.0","0.0","3.21","0.414168","532,21","CCGGAGACCAGGTTAACAAAC","59.605","52.381","0.0","0.0","0.0","2.93","1.394919","348.0","0.0","0.0","1.809087","1"
"comp141277_c0_seq4","82748","900","0","205,20","CAGAAGCTGTGGACCATGTG","59.586","55.0","0.0","0.0","0.0","3.21","0.414168","532,21","CCGGAGACCAGGTTAACAAAC","59.605","52.381","0.0","0.0","0.0","2.93","1.394919","348.0","0.0","0.0","1.809087","1"
"comp141277_c0_seq6","82750","901","0","205,20","CAGAAGCTGTGGACCATGTG","59.586","55.0","0.0","0.0","0.0","3.21","0.414168","532,21","CCGGAGACCAGGTTAACAAAC","59.605","52.381","0.0","0.0","0.0","2.93","1.394919","348.0","0.0","0.0","1.809087","1"
"comp141289_c0_seq6","82830","904","0","734,20","ATGTGGGCTGTCAATCAAGC","59.578","50.0","0.0","0.0","0.0","4.01","0.421878","1080,20","TTTCTGTTTCTGGCTGTCCC","58.78","50.0","0.0","0.0","0.0","4.46","1.219859","366.0","0.0","0.0","1.641738","1"
"comp141687_c0_seq1","85089","936","0","2877,21","TGATCGCTGGACAAACACATG","59.945","47.619","0.0","0.0","0.0","3.21","1.055129","3209,21","GAAAGTTTGCATTGAACCGGC","59.948","47.619","0.0","0.0","0.0","6.13","1.051849","353.0","0.32","6.28","2.106978","1"
"comp141687_c0_seq2","85090","937","0","544,21","TGATCGCTGGACAAACACATG","59.945","47.619","0.0","0.0","0.0","3.21","1.055129","876,21","GAAAGTTTGCATTGAACCGGC","59.948","47.619","0.0","0.0","0.0","6.13","1.051849","353.0","0.32","6.28","2.106978","1"
"comp142348_c0_seq1","88735","971","0","1235,20","TGCGGCTAGAATGTCCAAAC","59.301","50.0","0.0","0.0","0.0","2.93","0.699349","1422,20","AGGCCCTACTTCGGTAACAC","59.863","55.0","0.0","0.0","0.0","3.32","0.137035","207.0","0.0","0.0","0.836384","1"
"comp142348_c0_seq3","88737","972","0","690,20","TGCGGCTAGAATGTCCAAAC","59.301","50.0","0.0","0.0","0.0","2.93","0.699349","877,20","AGGCCCTACTTCGGTAACAC","59.863","55.0","0.0","0.0","0.0","3.32","0.137035","207.0","0.0","0.0","0.836384","1"
"comp142348_c0_seq4","88738","973","0","1327,20","TGCGGCTAGAATGTCCAAAC","59.301","50.0","0.0","0.0","0.0","2.93","0.699349","1514,20","AGGCCCTACTTCGGTAACAC","59.863","55.0","0.0","0.0","0.0","3.32","0.137035","207.0","0.0","0.0","0.836384","1"
"comp142348_c0_seq5","88739","974","0","779,20","TGCGGCTAGAATGTCCAAAC","59.301","50.0","0.0","0.0","0.0","2.93","0.699349","966,20","AGGCCCTACTTCGGTAACAC","59.863","55.0","0.0","0.0","0.0","3.32","0.137035","207.0","0.0","0.0","0.836384","1"
"comp142358_c1_seq1","88801","975","0","714,20","TTGAAGTTCGTCGAGTGGTG","58.891","50.0","0.0","0.0","0.0","4.17","1.108524","1135,22","GAGATTTAACTTGCCTTGCGTG","59.251","45.455","0.0","0.0","0.0","5.34","2.748735","443.0","0.0","0.0","3.85726","1"
"comp142358_c1_seq4","88804","976","0","714,20","TTGAAGTTCGTCGAGTGGTG","58.891","50.0","0.0","0.0","0.0","4.17","1.108524","1136,22","GAGATTTAACTTGCCTTGCGTG","59.251","45.455","0.0","0.0","0.0","5.34","2.748735","444.0","0.0","0.0","3.85726","1"
"comp142422_c1_seq1","89189","980","0","1175,20","TGGCTTAAAGGGACACACGG","61.012","55.0","0.0","0.0","0.0","4.94","1.011807","1545,21","AGTTCCCAAATCTTGCACTGG","59.525","47.619","0.0","0.0","0.0","4.0","1.474529","391.0","0.0","0.0","2.486336","1"
"comp142422_c1_seq2","89190","981","0","1189,20","TGGCTTAAAGGGACACACGG","61.012","55.0","0.0","0.0","0.0","4.94","1.011807","1559,21","AGTTCCCAAATCTTGCACTGG","59.525","47.619","0.0","0.0","0.0","4.0","1.474529","391.0","0.0","0.0","2.486336","1"
"comp142422_c1_seq4","89192","983","0","1173,20","TGGCTTAAAGGGACACACGG","61.012","55.0","0.0","0.0","0.0","4.94","1.011807","1543,21","AGTTCCCAAATCTTGCACTGG","59.525","47.619","0.0","0.0","0.0","4.0","1.474529","391.0","0.0","0.0","2.486336","1"
"comp142422_c1_seq5","89193","984","0","1159,20","TGGCTTAAAGGGACACACGG","61.012","55.0","0.0","0.0","0.0","4.94","1.011807","1529,21","AGTTCCCAAATCTTGCACTGG","59.525","47.619","0.0","0.0","0.0","4.0","1.474529","391.0","0.0","0.0","2.486336","1"
"comp142801_c2_seq3","91526","1012","0","1944,20","TCACTCGTCCACTCTCCATG","59.579","55.0","0.0","0.0","0.0","3.66","0.420709","2274,20","CACAAATGCAGTGCCATAGG","58.172","50.0","0.0","5.03","0.0","2.57","1.827629","350.0","0.0","0.0","2.248338","1"
"comp142801_c2_seq6","91529","1013","0","1929,20","TCACTCGTCCACTCTCCATG","59.579","55.0","0.0","0.0","0.0","3.66","0.420709","2261,20","CACAAATGCAGTGCCATAGG","58.172","50.0","0.0","5.03","0.0","2.57","1.827629","352.0","0.0","0.0","2.248338","1"
"comp142819_c3_seq1","91665","1015","0","542,20","TAACTGTCTGCTGGCCCTTG","60.728","55.0","0.0","0.0","0.0","3.61","0.728142","945,22","TGGAACTTGTGCTTTCAATGTG","58.713","40.909","0.0","0.0","0.0","3.21","3.287096","425.0","0.0","0.0","4.015238","1"
"comp142819_c3_seq6","91670","1016","0","542,20","TAACTGTCTGCTGGCCCTTG","60.728","55.0","0.0","0.0","0.0","3.61","0.728142","945,22","TGGAACTTGTGCTTTCAATGTG","58.713","40.909","0.0","0.0","0.0","3.21","3.287096","425.0","0.0","0.0","4.015238","1"
"comp142820_c0_seq1","91673","1017","0","22,20","GTGGTACGGTACACAGCAAG","59.313","55.0","0.0","7.13","0.0","4.01","0.686574","136,20","CGAAATTAAGGGTCTGGCGC","60.362","55.0","0.0","0.0","0.0","6.53","0.361646","134.0","0.0","0.0","1.048219","1"
"comp142820_c0_seq2","91674","1018","0","22,20","GTGGTACGGTACACAGCAAG","59.313","55.0","0.0","7.13","0.0","4.01","0.686574","136,20","CGAAATTAAGGGTCTGGCGC","60.362","55.0","0.0","0.0","0.0","6.53","0.361646","134.0","0.0","0.0","1.048219","1"
"comp142820_c0_seq3","91675","1019","0","22,20","GTGGTACGGTACACAGCAAG","59.313","55.0","0.0","7.13","0.0","4.01","0.686574","136,20","CGAAATTAAGGGTCTGGCGC","60.362","55.0","0.0","0.0","0.0","6.53","0.361646","134.0","0.0","0.0","1.048219","1"
"comp142897_c0_seq1","92139","1021","0","1031,20","TAAGTGCAGCCTTCCGAGTG","60.791","55.0","0.0","0.0","0.0","3.51","0.791283","1392,19","GCCTGCGTTCCTGCATAAG","60.012","57.895","0.0","0.0","0.0","1.73","1.011513","380.0","0.0","0.0","1.802797","1"
"comp142897_c0_seq3","92141","1022","0","1050,20","TAAGTGCAGCCTTCCGAGTG","60.791","55.0","0.0","0.0","0.0","3.51","0.791283","1411,19","GCCTGCGTTCCTGCATAAG","60.012","57.895","0.0","0.0","0.0","1.73","1.011513","380.0","0.0","0.0","1.802797","1"
"comp143010_c0_seq3","92744","1044","0","168,20","ACGCTATCCCACAAGTCAGG","60.223","55.0","0.0","0.0","0.0","3.86","0.223412","480,21","TGTTCTTTGTTCCCTCTGGTG","58.835","47.619","0.0","0.0","0.0","4.17","2.164712","333.0","0.0","0.0","2.388124","1"
"comp143010_c0_seq6","92747","1045","0","173,20","ACGCTATCCCACAAGTCAGG","60.223","55.0","0.0","0.0","0.0","3.86","0.223412","501,21","TGTTCTTTGTTCCCTCTGGTG","58.835","47.619","0.0","0.0","0.0","4.17","2.164712","349.0","0.0","0.0","2.388124","1"
"comp143305_c1_seq1","94572","1066","0","181,21","TGCTTCATACCAGTTTGCACG","60.214","47.619","0.0","0.0","0.0","5.34","1.214278","431,21","CCGATCCACATCTAAACCAGG","58.919","52.381","0.0","0.0","0.0","4.45","2.081066","271.0","0.0","0.0","3.295344","1"
"comp143305_c1_seq3","94574","1067","0","181,21","TGCTTCATACCAGTTTGCACG","60.214","47.619","0.0","0.0","0.0","5.34","1.214278","431,21","CCGATCCACATCTAAACCAGG","58.919","52.381","0.0","0.0","0.0","4.45","2.081066","271.0","0.0","0.0","3.295344","1"
"comp143363_c0_seq1","94941","1071","0","2359,22","GGTCACTTTACACCGAAACTTC","58.283","45.455","0.0","0.0","0.0","3.01","3.71698","2616,20","ACGGCTGCATAGGGTTAGAG","60.008","55.0","0.0","0.0","0.0","2.43","0.007828","277.0","0.0","0.0","3.724808","1"
"comp143363_c0_seq2","94942","1072","0","2359,22","GGTCACTTTACACCGAAACTTC","58.283","45.455","0.0","0.0","0.0","3.01","3.71698","2650,20","ACGGCTGCATAGGGTTAGAG","60.008","55.0","0.0","0.0","0.0","2.43","0.007828","311.0","0.0","0.0","3.724808","1"
"comp143393_c1_seq3","95120","1073","0","177,19","GGGTGGTGTTGTGTCGTTC","59.717","57.895","0.0","0.0","0.0","3.95","1.282826","426,20","GGGAACGTTGATTTGGAGGG","59.581","55.0","0.0","1.21","0.0","4.3","0.419157","269.0","0.0","0.0","1.701983","1"
"comp143393_c1_seq4","95121","1074","0","177,19","GGGTGGTGTTGTGTCGTTC","59.717","57.895","0.0","0.0","0.0","3.95","1.282826","426,20","GGGAACGTTGATTTGGAGGG","59.581","55.0","0.0","1.21","0.0","4.3","0.419157","269.0","0.0","0.0","1.701983","1"
"comp143525_c2_seq1","95946","1081","0","745,20","ACTCACGTGCAAACCTCAAG","59.446","50.0","0.0","0.0","0.0","3.02","0.553537","1003,20","GACCATACGAGATCAGCGAC","58.694","55.0","0.0","0.0","0.0","5.19","1.306467","278.0","0.0","0.0","1.860004","1"
"comp143525_c2_seq2","95947","1082","0","127,20","ACTCACGTGCAAACCTCAAG","59.446","50.0","0.0","0.0","0.0","3.02","0.553537","385,20","GACCATACGAGATCAGCGAC","58.694","55.0","0.0","0.0","0.0","5.19","1.306467","278.0","0.0","0.0","1.860004","1"
"comp143525_c2_seq5","95950","1083","0","733,20","ACTCACGTGCAAACCTCAAG","59.446","50.0","0.0","0.0","0.0","3.02","0.553537","991,20","GACCATACGAGATCAGCGAC","58.694","55.0","0.0","0.0","0.0","5.19","1.306467","278.0","0.0","0.0","1.860004","1"
"comp143596_c0_seq1","96356","1085","0","2365,20","CGCACGAAAGGAGACCATTC","60.014","55.0","0.0","0.0","0.0","2.67","0.013752","2706,21","CCTTCTGAAATGTGCAACAGC","59.075","47.619","0.0","0.0","0.0","4.4","1.924715","362.0","0.0","0.44","1.938466","1"
"comp143596_c0_seq2","96357","1086","0","2365,20","CGCACGAAAGGAGACCATTC","60.014","55.0","0.0","0.0","0.0","2.67","0.013752","2706,21","CCTTCTGAAATGTGCAACAGC","59.075","47.619","0.0","0.0","0.0","4.4","1.924715","362.0","0.0","0.44","1.938466","1"
"comp143596_c0_seq3","96358","1087","0","2365,20","CGCACGAAAGGAGACCATTC","60.014","55.0","0.0","0.0","0.0","2.67","0.013752","2706,21","CCTTCTGAAATGTGCAACAGC","59.075","47.619","0.0","0.0","0.0","4.4","1.924715","362.0","0.0","0.44","1.938466","1"
"comp143647_c0_seq1","96649","1089","0","707,20","GCGTACACCAAGACACAAGG","59.873","55.0","0.0","0.0","0.0","3.61","0.126769","929,20","ACTGGCCCATCATATCCACC","60.004","55.0","0.0","0.0","0.0","4.61","0.003999","242.0","0.0","0.0","0.130768","1"
"comp143647_c0_seq2","96650","1090","0","707,20","GCGTACACCAAGACACAAGG","59.873","55.0","0.0","0.0","0.0","3.61","0.126769","929,20","ACTGGCCCATCATATCCACC","60.004","55.0","0.0","0.0","0.0","4.61","0.003999","242.0","0.0","0.0","0.130768","1"
"comp143647_c0_seq3","96651","1091","0","720,20","GCGTACACCAAGACACAAGG","59.873","55.0","0.0","0.0","0.0","3.61","0.126769","942,20","ACTGGCCCATCATATCCACC","60.004","55.0","0.0","0.0","0.0","4.61","0.003999","242.0","0.0","0.0","0.130768","1"
"comp143647_c0_seq4","96652","1092","0","721,20","GCGTACACCAAGACACAAGG","59.873","55.0","0.0","0.0","0.0","3.61","0.126769","943,20","ACTGGCCCATCATATCCACC","60.004","55.0","0.0","0.0","0.0","4.61","0.003999","242.0","0.0","0.0","0.130768","1"
"comp143647_c0_seq5","96653","1093","0","720,20","GCGTACACCAAGACACAAGG","59.873","55.0","0.0","0.0","0.0","3.61","0.126769","942,20","ACTGGCCCATCATATCCACC","60.004","55.0","0.0","0.0","0.0","4.61","0.003999","242.0","0.0","0.0","0.130768","1"
"comp143838_c1_seq1","97769","1099","0","644,20","TGTTGATGTACTGATGCGGG","58.728","50.0","0.0","0.0","0.0","6.13","1.271868","1040,21","CCAGGTGGTTGATTCAGACAC","59.603","52.381","0.91","0.91","0.0","3.67","1.397396","417.0","0.0","0.0","2.669265","1"
"comp143838_c1_seq2","97770","1100","0","644,20","TGTTGATGTACTGATGCGGG","58.728","50.0","0.0","0.0","0.0","6.13","1.271868","1040,21","CCAGGTGGTTGATTCAGACAC","59.603","52.381","0.91","0.91","0.0","3.67","1.397396","417.0","0.0","0.0","2.669265","1"
"comp143947_c1_seq1","98553","1105","0","301,21","TCCAGGTACAATTTGCTGCTG","59.599","47.619","0.0","0.0","0.0","4.41","1.400613","637,21","GAGTCTCTCTAACACGCACAG","58.882","52.381","0.0","0.0","0.0","3.66","2.117852","357.0","0.0","0.0","3.518465","1"
"comp143947_c1_seq2","98554","1106","0","301,21","TCCAGGTACAATTTGCTGCTG","59.599","47.619","0.0","0.0","0.0","4.41","1.400613","637,21","GAGTCTCTCTAACACGCACAG","58.882","52.381","0.0","0.0","0.0","3.66","2.117852","357.0","0.0","0.0","3.518465","1"
"comp143947_c1_seq4","98556","1108","0","493,21","ACGCTGTGAGGTTGTAGTATG","58.52","47.619","0.0","0.0","0.0","2.39","2.48006","810,21","GGGTGAGTATCCGTCATTGTG","59.201","52.381","0.0","0.0","0.0","3.33","1.799416","338.0","0.0","0.0","4.279476","1"
"comp143947_c1_seq5","98557","1109","0","493,21","ACGCTGTGAGGTTGTAGTATG","58.52","47.619","0.0","0.0","0.0","2.39","2.48006","810,21","GGGTGAGTATCCGTCATTGTG","59.201","52.381","0.0","0.0","0.0","3.33","1.799416","338.0","0.0","0.0","4.279476","1"
"comp144023_c0_seq1","99117","1119","0","521,22","TGAATATGGCTCACTTCAACGC","60.078","45.455","0.0","1.01","0.0","4.84","2.077671","827,20","TCCGAGCCATGTTGCCTATG","60.939","55.0","0.0","0.0","0.0","2.23","0.938506","326.0","0.0","12.21","3.016177","1"
"comp144023_c0_seq2","99118","1120","0","767,22","TGAATATGGCTCACTTCAACGC","60.078","45.455","0.0","1.01","0.0","4.84","2.077671","1075,20","TCCGAGCCATGTTGCCTATG","60.939","55.0","0.0","0.0","0.0","2.23","0.938506","328.0","0.0","12.21","3.016177","1"
"comp144023_c0_seq4","99120","1122","0","521,22","TGAATATGGCTCACTTCAACGC","60.078","45.455","0.0","1.01","0.0","4.84","2.077671","829,20","TCCGAGCCATGTTGCCTATG","60.939","55.0","0.0","0.0","0.0","2.23","0.938506","328.0","0.0","12.21","3.016177","1"
"comp144023_c0_seq5","99121","1123","0","242,22","TGAATATGGCTCACTTCAACGC","60.078","45.455","0.0","1.01","0.0","4.84","2.077671","550,20","TCCGAGCCATGTTGCCTATG","60.939","55.0","0.0","0.0","0.0","2.23","0.938506","328.0","0.0","12.21","3.016177","1"
"comp144023_c0_seq6","99122","1124","0","242,22","TGAATATGGCTCACTTCAACGC","60.078","45.455","0.0","1.01","0.0","4.84","2.077671","550,20","TCCGAGCCATGTTGCCTATG","60.939","55.0","0.0","0.0","0.0","2.23","0.938506","328.0","0.0","12.21","3.016177","1"
"comp144147_c1_seq1","99899","1137","0","1244,20","CTGTACGCATGGAGTGGAAG","59.098","55.0","0.0","0.0","0.0","3.46","0.902479","1606,20","AGGCTCAACAATCCACTCCC","60.442","55.0","0.0","0.0","0.0","4.3","0.442453","382.0","17.12","21.18","1.344932","1"
"comp144147_c1_seq2","99900","1138","0","888,20","CTGTACGCATGGAGTGGAAG","59.098","55.0","0.0","0.0","0.0","3.46","0.902479","1250,20","AGGCTCAACAATCCACTCCC","60.442","55.0","0.0","0.0","0.0","4.3","0.442453","382.0","17.12","21.18","1.344932","1"
"comp144300_c0_seq13","100861","1150","0","9,20","ACTGGCATTTATTTCGCTGC","58.176","45.0","0.0","0.0","0.0","5.25","1.823797","347,20","TACTTCGGCACTGTCTCTCC","59.58","55.0","0.0","0.0","0.0","3.71","0.419544","358.0","0.0","0.0","2.243342","1"
"comp144300_c0_seq14","100862","1151","0","9,20","ACTGGCATTTATTTCGCTGC","58.176","45.0","0.0","0.0","0.0","5.25","1.823797","347,20","TACTTCGGCACTGTCTCTCC","59.58","55.0","0.0","0.0","0.0","3.71","0.419544","358.0","0.0","0.0","2.243342","1"
"comp144300_c0_seq4","100873","1160","0","9,20","ACTGGCATTTATTTCGCTGC","58.176","45.0","0.0","0.0","0.0","5.25","1.823797","347,20","TACTTCGGCACTGTCTCTCC","59.58","55.0","0.0","0.0","0.0","3.71","0.419544","358.0","0.0","0.0","2.243342","1"
